engine,workload,concurrency,ttft_mean,ttft_std,e2e_latency_mean,e2e_latency_std,itl_mean_mean,itl_mean_std
vllm,prefix_heavy,1,0.05408847451003061,0.0016998148272103584,1.536532369752725,0.02231824200803203,0.02363030186706686,0.00040439761255894007
vllm,prefix_heavy,16,0.10113253102948268,0.014615887282506427,1.6036236268571682,0.014411708994225511,0.02383211096732284,0.00023917892303118978
vllm,standard,1,0.052911236313068204,0.002726047040606099,1.5318709926472769,0.027714021603512183,0.023555620490234398,0.0004735842369949206
vllm,standard,16,0.09628937460689081,0.013106854510113999,1.5672517418343987,0.012833122640209573,0.02332523245384138,0.00011943687625199772
