engine,workload,concurrency,ttft_mean,ttft_std,e2e_latency_mean,e2e_latency_std,itl_mean_mean,itl_mean_std
vllm,prefix_heavy,1,0.0005943788407695671,0.0056423705983050295,0.018158821365767602,0.160093534336796,0.0002596736468908446,0.0024642112404483964
vllm,prefix_heavy,16,0.00111134649482948,0.010652471101841041,0.028917850258445166,0.1660742214790409,0.00026189132931124,0.002485021600793537
vllm,standard,1,0.0005814421572864637,0.005524079817920673,0.01804947350924705,0.15962294661825613,0.00025885297242015824,0.002456557709869909
vllm,standard,16,0.0010581249956801188,0.010130807162580927,0.028783356744718713,0.1622913564615006,0.0002563212357564987,0.0024320793151451107
